{"cameraMode":{"drawMode":0,"name":"Shaded","section":"Shading Mode"},"sceneLighting":false,"audioPlay":false,"sceneViewState":{"showFog":false,"showMaterialUpdate":false,"showSkybox":false,"showFlares":false,"showImageEffects":false,"showParticleSystems":false},"in2DMode":false,"pivot":{"x":0.16799691319465638,"y":5.301546096801758,"z":-0.27867555618286135},"rotation":{"x":-0.05876985937356949,"y":0.0188834797590971,"z":-0.0011108004255220295,"w":-0.9980923533439636},"size":10.071170806884766,"orthographic":false}