{"cameraMode":{"drawMode":0,"name":"Shaded","section":"Shading Mode"},"sceneLighting":false,"audioPlay":false,"sceneViewState":{"showFog":true,"showMaterialUpdate":false,"showSkybox":false,"showFlares":true,"showImageEffects":true,"showParticleSystems":true},"in2DMode":false,"pivot":{"x":0.07012057304382324,"y":2.942314386367798,"z":0.77197265625},"rotation":{"x":-0.0824800431728363,"y":-0.07525637000799179,"z":0.006246307399123907,"w":-0.9937276244163513},"size":16.647926330566408,"orthographic":false}