{"cameraMode":{"drawMode":0,"name":"Shaded","section":"Shading Mode"},"sceneLighting":false,"audioPlay":false,"sceneViewState":{"showFog":true,"showMaterialUpdate":false,"showSkybox":false,"showFlares":true,"showImageEffects":true,"showParticleSystems":true},"in2DMode":false,"pivot":{"x":-0.12966927886009217,"y":-0.4864400029182434,"z":-6.906065464019775},"rotation":{"x":-0.0019467388046905399,"y":0.9966265559196472,"z":-0.07820872217416763,"w":-0.02480270341038704},"size":11.572301864624024,"orthographic":false}