{"cameraMode":{"drawMode":0,"name":"Shaded","section":"Shading Mode"},"sceneLighting":false,"audioPlay":false,"sceneViewState":{"showFog":false,"showMaterialUpdate":false,"showSkybox":false,"showFlares":false,"showImageEffects":false,"showParticleSystems":false},"in2DMode":false,"pivot":{"x":0.11784230172634125,"y":-0.28396859765052798,"z":-0.5029177069664002},"rotation":{"x":-0.1984657198190689,"y":0.6447445154190064,"z":-0.17865440249443055,"w":-0.7162390947341919},"size":13.650136947631836,"orthographic":false}