{"cameraMode":{"drawMode":0,"name":"Shaded","section":"Shading Mode"},"sceneLighting":false,"audioPlay":false,"sceneViewState":{"showFog":true,"showMaterialUpdate":false,"showSkybox":false,"showFlares":true,"showImageEffects":true,"showParticleSystems":true},"in2DMode":false,"pivot":{"x":1.3884457349777222,"y":1.9000144004821778,"z":0.44259363412857058},"rotation":{"x":-0.3161676228046417,"y":0.6521061062812805,"z":-0.34599536657333376,"w":-0.5958883166313171},"size":3.205596685409546,"orthographic":false}