{"cameraMode":{"drawMode":0,"name":"Shaded","section":"Shading Mode"},"sceneLighting":false,"audioPlay":false,"sceneViewState":{"showFog":true,"showMaterialUpdate":false,"showSkybox":false,"showFlares":true,"showImageEffects":true,"showParticleSystems":true},"in2DMode":false,"pivot":{"x":-0.7067640423774719,"y":-0.1123734712600708,"z":0.020222187042236329},"rotation":{"x":-0.18374937772750855,"y":-0.010898108594119549,"z":0.002037293743342161,"w":-0.9829106330871582},"size":7.226977825164795,"orthographic":false}