{"cameraMode":{"drawMode":0,"name":"Shaded","section":"Shading Mode"},"sceneLighting":false,"audioPlay":false,"sceneViewState":{"showFog":true,"showMaterialUpdate":false,"showSkybox":false,"showFlares":true,"showImageEffects":true,"showParticleSystems":true},"in2DMode":false,"pivot":{"x":1.6444143056869507,"y":-0.604537844657898,"z":-0.89610755443573},"rotation":{"x":-0.06627081334590912,"y":0.6881205439567566,"z":-0.06335556507110596,"w":-0.7197807431221008},"size":8.179391860961914,"orthographic":false}