{"cameraMode":{"drawMode":0,"name":"Shaded","section":"Shading Mode"},"sceneLighting":false,"audioPlay":false,"sceneViewState":{"showFog":true,"showMaterialUpdate":false,"showSkybox":false,"showFlares":true,"showImageEffects":true,"showParticleSystems":true},"in2DMode":false,"pivot":{"x":6.7797956466674809,"y":1.815772294998169,"z":4.138731956481934},"rotation":{"x":0.008618851192295552,"y":0.893260657787323,"z":0.017142005264759065,"w":-0.44912952184677126},"size":-2.9869651794433595,"orthographic":false}