{"cameraMode":{"drawMode":0,"name":"Shaded","section":"Shading Mode"},"sceneLighting":false,"audioPlay":false,"sceneViewState":{"showFog":true,"showMaterialUpdate":false,"showSkybox":false,"showFlares":true,"showImageEffects":true,"showParticleSystems":true},"in2DMode":false,"pivot":{"x":-4.76837158203125e-7,"y":-5.960464477539063e-7,"z":-0.6523492336273193},"rotation":{"x":-0.04673521965742111,"y":0.050337377935647967,"z":-0.0023579751141369344,"w":-0.9976354837417603},"size":11.0056791305542,"orthographic":false}